{
  "selected_model": "stage_04_catboost_tuned",
  "primary_metric_name": "val_map_at_3",
  "registered_model_name": "bank-product-recommendations-catboost",
  "registered_model_alias": "champion",
  "stages": {
    "stage_00_global_popularity": {
      "model_name": "global_popularity",
      "valid": {
        "precision_at_3": 0.07893796296296084,
        "recall_at_3": 0.775504998064586,
        "map_at_3": 0.5849054252951448,
        "ndcg_at_3": 0.6502428378173388,
        "rows": 120000.0,
        "rows_with_target": 30024.666666666668,
        "months": 3.0
      },
      "test": {
        "precision_at_3": 0.07036666666665176,
        "recall_at_3": 0.7713613663667298,
        "map_at_3": 0.5753036557864691,
        "ndcg_at_3": 0.6414584547093521,
        "rows": 120000.0,
        "rows_with_target": 27305.5,
        "months": 2.0
      },
      "run_id": "df6dbedcd34f48aa8581b8ba0dc6b313",
      "params": {},
      "notes": "Global popularity baseline for new product adoption.",
      "artifacts": {
        "bundle_path": "/home/what/praktika/practicum-sem4-praktika1/models/stage_00_global_popularity.joblib"
      },
      "registry_version": null
    },
    "stage_01_segment_popularity": {
      "model_name": "segment_popularity",
      "valid": {
        "precision_at_3": 0.07961296296296155,
        "recall_at_3": 0.7402800024911583,
        "map_at_3": 0.6214790677259249,
        "ndcg_at_3": 0.6592281246434344,
        "rows": 120000.0,
        "rows_with_target": 30024.666666666668,
        "months": 3.0
      },
      "test": {
        "precision_at_3": 0.07005833333332312,
        "recall_at_3": 0.7324104020242435,
        "map_at_3": 0.6180377328922511,
        "ndcg_at_3": 0.654623627255965,
        "rows": 120000.0,
        "rows_with_target": 27305.5,
        "months": 2.0
      },
      "run_id": "cece15fad4ac4160a5552217088fbaf9",
      "params": {},
      "notes": "Segment-smoothed popularity baseline by `segmento`.",
      "artifacts": {
        "bundle_path": "/home/what/praktika/practicum-sem4-praktika1/models/stage_01_segment_popularity.joblib"
      },
      "registry_version": null
    },
    "stage_02_catboost_basic": {
      "model_name": "catboost_basic",
      "valid": {
        "precision_at_3": 0.0777185185185155,
        "recall_at_3": 0.7359623116580973,
        "map_at_3": 0.6301602668453525,
        "ndcg_at_3": 0.662804740765298,
        "rows": 120000.0,
        "rows_with_target": 30024.666666666668,
        "months": 3.0
      },
      "test": {
        "precision_at_3": 0.06797777777776642,
        "recall_at_3": 0.7258932439446673,
        "map_at_3": 0.6211396318376519,
        "ndcg_at_3": 0.6535112234841385,
        "rows": 120000.0,
        "rows_with_target": 27305.5,
        "months": 2.0
      },
      "run_id": "323652f845d6493e994c81580a7cace2",
      "params": {
        "iterations": 150,
        "depth": 5,
        "learning_rate": 0.07,
        "l2_leaf_reg": 5.0,
        "min_data_in_leaf": 64,
        "random_strength": 0.8,
        "rsm": 0.85,
        "bootstrap_type": "Bayesian",
        "bagging_temperature": 0.2,
        "loss_function": "Logloss",
        "eval_metric": "Logloss",
        "auto_class_weights": "Balanced",
        "thread_count": 2,
        "used_ram_limit": "12gb",
        "boosting_type": "Plain",
        "one_hot_max_size": 10,
        "max_ctr_complexity": 1,
        "ctr_leaf_count_limit": 32,
        "border_count": 64
      },
      "notes": "CatBoost on raw profile and current products with a fixed validation eval_set and early stopping.",
      "artifacts": {
        "bundle_path": "/home/what/praktika/practicum-sem4-praktika1/models/stage_02_catboost_basic.joblib",
        "validation_errors_path": "/home/what/praktika/practicum-sem4-praktika1/models/stage_02_catboost_basic_validation_errors.csv",
        "test_errors_path": "/home/what/praktika/practicum-sem4-praktika1/models/stage_02_catboost_basic_test_errors.csv",
        "feature_list_path": "/home/what/praktika/practicum-sem4-praktika1/models/stage_02_catboost_basic_feature_list.json",
        "categorical_features_path": "/home/what/praktika/practicum-sem4-praktika1/models/stage_02_catboost_basic_categorical_features.json"
      },
      "registry_version": null
    },
    "stage_03_catboost_feature_engineering": {
      "model_name": "catboost_feature_engineering",
      "valid": {
        "precision_at_3": 0.08025925925925759,
        "recall_at_3": 0.7592267507359676,
        "map_at_3": 0.6586414628953853,
        "ndcg_at_3": 0.6895724591686164,
        "rows": 120000.0,
        "rows_with_target": 30024.666666666668,
        "months": 3.0
      },
      "test": {
        "precision_at_3": 0.070141666666656,
        "recall_at_3": 0.7552161388573566,
        "map_at_3": 0.6505148181432412,
        "ndcg_at_3": 0.6826943863720021,
        "rows": 120000.0,
        "rows_with_target": 27305.5,
        "months": 2.0
      },
      "run_id": "b557a26092754a598789a25bf7798c9c",
      "params": {
        "iterations": 210,
        "depth": 6,
        "learning_rate": 0.05,
        "l2_leaf_reg": 6.0,
        "min_data_in_leaf": 64,
        "random_strength": 0.9,
        "rsm": 0.8,
        "bootstrap_type": "Bernoulli",
        "subsample": 0.8,
        "loss_function": "Logloss",
        "eval_metric": "Logloss",
        "auto_class_weights": "Balanced",
        "thread_count": 2,
        "used_ram_limit": "12gb",
        "boosting_type": "Plain",
        "one_hot_max_size": 10,
        "max_ctr_complexity": 1,
        "ctr_leaf_count_limit": 32,
        "border_count": 64
      },
      "notes": "CatBoost after temporal and portfolio-delta feature engineering, still using time-based eval_set and early stopping.",
      "artifacts": {
        "bundle_path": "/home/what/praktika/practicum-sem4-praktika1/models/stage_03_catboost_feature_engineering.joblib",
        "validation_errors_path": "/home/what/praktika/practicum-sem4-praktika1/models/stage_03_catboost_feature_engineering_validation_errors.csv",
        "test_errors_path": "/home/what/praktika/practicum-sem4-praktika1/models/stage_03_catboost_feature_engineering_test_errors.csv",
        "feature_list_path": "/home/what/praktika/practicum-sem4-praktika1/models/stage_03_catboost_feature_engineering_feature_list.json",
        "categorical_features_path": "/home/what/praktika/practicum-sem4-praktika1/models/stage_03_catboost_feature_engineering_categorical_features.json",
        "feature_importance_path": "/home/what/praktika/practicum-sem4-praktika1/models/stage_03_catboost_feature_engineering_feature_importance.csv"
      },
      "registry_version": null
    },
    "stage_04_catboost_tuned": {
      "model_name": "catboost_tuned",
      "valid": {
        "precision_at_3": 0.0808703703703688,
        "recall_at_3": 0.7640307314065736,
        "map_at_3": 0.6640549230619587,
        "ndcg_at_3": 0.6948249360758708,
        "rows": 120000.0,
        "rows_with_target": 30024.666666666668,
        "months": 3.0
      },
      "test": {
        "precision_at_3": 0.0701430555555447,
        "recall_at_3": 0.7542906933900109,
        "map_at_3": 0.6526513173559017,
        "ndcg_at_3": 0.6841458816654848,
        "rows": 120000.0,
        "rows_with_target": 27305.5,
        "months": 2.0
      },
      "run_id": "84f4cd55105a4ca8a669a5bc224fd6fc",
      "params": {
        "loss_function": "Logloss",
        "eval_metric": "Logloss",
        "auto_class_weights": "Balanced",
        "thread_count": 2,
        "used_ram_limit": "12gb",
        "boosting_type": "Plain",
        "one_hot_max_size": 10,
        "max_ctr_complexity": 1,
        "ctr_leaf_count_limit": 32,
        "border_count": 64,
        "iterations": 220,
        "depth": 6,
        "learning_rate": 0.05,
        "l2_leaf_reg": 6.0,
        "min_data_in_leaf": 64,
        "random_strength": 1.0,
        "rsm": 0.75,
        "bootstrap_type": "Bernoulli",
        "subsample": 0.8,