{
  "selected_model": "stage_04_catboost_tuned",
  "primary_metric_name": "val_map_at_3",
  "registered_model_name": "bank-product-recommendations-catboost",
  "registered_model_alias": "champion",
  "stages": {
    "stage_00_global_popularity": {
      "model_name": "global_popularity",
      "valid": {
        "precision_at_3": 0.1546666666666649,
        "recall_at_3": 0.7462111111111107,
        "map_at_3": 0.5685555555555568,
        "ndcg_at_3": 0.6226572595025303,
        "rows": 3000.0,
        "rows_with_target": 1500.0,
        "months": 1.0
      },
      "test": {
        "precision_at_3": 0.14233333333333187,
        "recall_at_3": 0.7313999999999998,
        "map_at_3": 0.5757592592592606,
        "ndcg_at_3": 0.621805893715635,
        "rows": 3000.0,
        "rows_with_target": 1500.0,
        "months": 1.0
      },
      "run_id": "44f3fb852ecb4fd69d5a855a4f19f63a",
      "params": {},
      "notes": "Global popularity baseline for new product adoption.",
      "artifacts": {
        "bundle_path": "/home/what/praktika/practicum-sem4-praktika1/models/stage_00_global_popularity.joblib"
      },
      "registry_version": null
    },
    "stage_01_segment_popularity": {
      "model_name": "segment_popularity",
      "valid": {
        "precision_at_3": 0.13788888888888767,
        "recall_at_3": 0.6507999999999999,
        "map_at_3": 0.5283333333333338,
        "ndcg_at_3": 0.5667366246137896,
        "rows": 3000.0,
        "rows_with_target": 1500.0,
        "months": 1.0
      },
      "test": {
        "precision_at_3": 0.1346666666666655,
        "recall_at_3": 0.6942111111111112,
        "map_at_3": 0.5849814814814823,
        "ndcg_at_3": 0.6186860957262833,
        "rows": 3000.0,
        "rows_with_target": 1500.0,
        "months": 1.0
      },
      "run_id": "4b51738926b041a6b8cf10b3674de75d",
      "params": {},
      "notes": "Segment-smoothed popularity baseline by `segmento`.",
      "artifacts": {
        "bundle_path": "/home/what/praktika/practicum-sem4-praktika1/models/stage_01_segment_popularity.joblib"
      },
      "registry_version": null
    },
    "stage_02_catboost_basic": {
      "model_name": "catboost_basic",
      "valid": {
        "precision_at_3": 0.13777777777777647,
        "recall_at_3": 0.6746666666666666,
        "map_at_3": 0.5446481481481493,
        "ndcg_at_3": 0.5829236757237028,
        "rows": 3000.0,
        "rows_with_target": 1500.0,
        "months": 1.0
      },
      "test": {
        "precision_at_3": 0.13733333333333184,
        "recall_at_3": 0.7325222222222222,
        "map_at_3": 0.5708703703703719,
        "ndcg_at_3": 0.6170186388153298,
        "rows": 3000.0,
        "rows_with_target": 1500.0,
        "months": 1.0
      },
      "run_id": "e46a80e1eccd4dd8a261830dfbc6b7b4",
      "params": {
        "iterations": 160,
        "depth": 6,
        "learning_rate": 0.07,
        "l2_leaf_reg": 4.0,
        "min_data_in_leaf": 48,
        "random_strength": 1.0,
        "bootstrap_type": "Bayesian",
        "bagging_temperature": 0.5,
        "loss_function": "Logloss",
        "eval_metric": "Logloss",
        "auto_class_weights": "Balanced",
        "thread_count": 2,
        "used_ram_limit": "4gb"
      },
      "notes": "CatBoost on raw profile and current products with a fixed validation eval_set and early stopping.",
      "artifacts": {
        "bundle_path": "/home/what/praktika/practicum-sem4-praktika1/models/stage_02_catboost_basic.joblib",
        "feature_importance_path": "/home/what/praktika/practicum-sem4-praktika1/models/stage_02_catboost_basic_feature_importance.csv",
        "validation_errors_path": "/home/what/praktika/practicum-sem4-praktika1/models/stage_02_catboost_basic_validation_errors.csv",
        "test_errors_path": "/home/what/praktika/practicum-sem4-praktika1/models/stage_02_catboost_basic_test_errors.csv",
        "feature_list_path": "/home/what/praktika/practicum-sem4-praktika1/models/stage_02_catboost_basic_feature_list.json",
        "categorical_features_path": "/home/what/praktika/practicum-sem4-praktika1/models/stage_02_catboost_basic_categorical_features.json"
      },
      "registry_version": null
    },
    "stage_03_catboost_feature_engineering": {
      "model_name": "catboost_feature_engineering",
      "valid": {
        "precision_at_3": 0.1377777777777765,
        "recall_at_3": 0.6726333333333334,
        "map_at_3": 0.5622777777777784,
        "ndcg_at_3": 0.595965650268117,
        "rows": 3000.0,
        "rows_with_target": 1500.0,
        "months": 1.0
      },
      "test": {
        "precision_at_3": 0.13822222222222066,
        "recall_at_3": 0.7393777777777779,
        "map_at_3": 0.601870370370371,
        "ndcg_at_3": 0.6419167526957472,
        "rows": 3000.0,
        "rows_with_target": 1500.0,
        "months": 1.0
      },
      "run_id": "52f4ed0ff4a844aca739a38f47e7bd75",
      "params": {
        "iterations": 260,
        "depth": 6,
        "learning_rate": 0.05,
        "l2_leaf_reg": 5.0,
        "min_data_in_leaf": 32,
        "random_strength": 1.0,
        "bootstrap_type": "Bayesian",
        "bagging_temperature": 0.5,
        "loss_function": "Logloss",
        "eval_metric": "Logloss",
        "auto_class_weights": "Balanced",
        "thread_count": 2,
        "used_ram_limit": "4gb"
      },
      "notes": "CatBoost after temporal and portfolio-delta feature engineering, still using time-based eval_set and early stopping.",
      "artifacts": {
        "bundle_path": "/home/what/praktika/practicum-sem4-praktika1/models/stage_03_catboost_feature_engineering.joblib",
        "feature_importance_path": "/home/what/praktika/practicum-sem4-praktika1/models/stage_03_catboost_feature_engineering_feature_importance.csv",
        "validation_errors_path": "/home/what/praktika/practicum-sem4-praktika1/models/stage_03_catboost_feature_engineering_validation_errors.csv",
        "test_errors_path": "/home/what/praktika/practicum-sem4-praktika1/models/stage_03_catboost_feature_engineering_test_errors.csv",
        "feature_list_path": "/home/what/praktika/practicum-sem4-praktika1/models/stage_03_catboost_feature_engineering_feature_list.json",
        "categorical_features_path": "/home/what/praktika/practicum-sem4-praktika1/models/stage_03_catboost_feature_engineering_categorical_features.json"
      },
      "registry_version": null
    },
    "stage_04_catboost_tuned": {
      "model_name": "catboost_tuned",
      "valid": {
        "precision_at_3": 0.14877777777777637,
        "recall_at_3": 0.7206666666666667,
        "map_at_3": 0.5861666666666676,
        "ndcg_at_3": 0.6271447119417303,
        "rows": 3000.0,
        "rows_with_target": 1500.0,
        "months": 1.0
      },
      "test": {
        "precision_at_3": 0.1424444444444428,
        "recall_at_3": 0.757688888888889,
        "map_at_3": 0.6128333333333343,
        "ndcg_at_3": 0.654580708220968,
        "rows": 3000.0,
        "rows_with_target": 1500.0,
        "months": 1.0
      },
      "run_id": "ace89cc484ce4f39921ddcb5d4a5149c",
      "params": {
        "loss_function": "Logloss",
        "eval_metric": "Logloss",
        "auto_class_weights": "Balanced",
        "thread_count": 2,
        "used_ram_limit": "4gb",
        "iterations": 150,
        "depth": 6,
        "learning_rate": 0.09,
        "l2_leaf_reg": 7.0,
        "min_data_in_leaf": 64,
        "random_strength": 0.7,
        "bootstrap_type": "Bayesian",
        "bagging_temperature": 0.2,
        "tuning_strategy": "two_stage_manual_screening",
        "tuning_stage_a_candidate_count": 5,
        "tuning_stage_b_top_n": 1,
        "tuning_stage_a_months": "2015-10-28"
      },
      "notes": "Two-stage CatBoost tuning: Stage A screens a small manual candidate set on recent train months, Stage B confirms top candidates on the full train sample. All candidates are logged to MLflow and the final choice is made by val_map_at_3.",