{
  "numeric": {
    "month_number": {
      "mean": 6.738465714285715,
      "std": 2.8877471571017406,
      "p01": 2.0,
      "p99": 11.0
    },
    "customer_since_months": {
      "mean": 85.9815001859853,
      "std": 72.6837810341197,
      "p01": 0.0,
      "p99": 236.2
    },
    "prev_products_total": {
      "mean": 2.542837142857143,
      "std": 2.0934510982412635,
      "p01": 0.0,
      "p99": 9.0
    },
    "products_total": {
      "mean": 2.3247742857142857,
      "std": 1.8895374736543606,
      "p01": 0.0,
      "p99": 8.0
    },
    "products_added_prev_month": {
      "mean": 0.1622657142857143,
      "std": 0.4813661362708924,
      "p01": 0.0,
      "p99": 2.0
    },
    "products_dropped_prev_month": {
      "mean": 0.3803285714285714,
      "std": 0.6507753303841642,
      "p01": 0.0,
      "p99": 3.0
    },
    "has_any_new_product": {
      "mean": 0.12324857142857143,
      "std": 0.3287227856544849,
      "p01": 0.0,
      "p99": 1.0
    },
    "age": {
      "mean": 42.125929211136224,
      "std": 14.850144965824624,
      "p01": 20.0,
      "p99": 84.0
    },
    "ind_nuevo": {
      "mean": 0.10955106011616927,
      "std": 0.3123298007944875,
      "p01": 0.0,
      "p99": 1.0
    },
    "antiguedad": {
      "mean": 83.23321411199176,
      "std": 71.31814005364677,
      "p01": 0.0,
      "p99": 233.0
    },
    "indrel": {
      "mean": 1.0964605568113537,
      "std": 3.0730859002500064,
      "p01": 1.0,
      "p99": 1.0
    },
    "tipodom": {
      "mean": 1.0,
      "std": 0.0,
      "p01": 1.0,
      "p99": 1.0
    },
    "cod_prov": {
      "mean": 26.942803410950646,
      "std": 12.050164176013775,
      "p01": 3.0,
      "p99": 50.0
    },
    "ind_actividad_cliente": {
      "mean": 0.8092363157744141,
      "std": 0.39290373212352575,
      "p01": 0.0,
      "p99": 1.0
    },
    "renta": {
      "mean": 139234.7570704902,
      "std": 258004.05631326506,
      "p01": 27981.891600000006,
      "p99": 555661.7808000002
    },
    "ind_ahor_fin_ult1": {
      "mean": 0.00016571428571428572,
      "std": 0.012871957810763503,
      "p01": 0.0,
      "p99": 0.0
    },
    "ind_aval_fin_ult1": {
      "mean": 6e-05,
      "std": 0.00774574537528671,
      "p01": 0.0,
      "p99": 0.0
    },
    "ind_cco_fin_ult1": {
      "mean": 0.5551914285714286,
      "std": 0.496945280485538,
      "p01": 0.0,
      "p99": 1.0
    },
    "ind_cder_fin_ult1": {
      "mean": 0.0008514285714285714,
      "std": 0.02916686598531117,
      "p01": 0.0,
      "p99": 0.0
    },
    "ind_cno_fin_ult1": {
      "mean": 0.2702514285714286,
      "std": 0.44409025816973974,
      "p01": 0.0,
      "p99": 1.0
    },
    "ind_ctju_fin_ult1": {
      "mean": 0.0038628571428571427,
      "std": 0.06203181822003766,
      "p01": 0.0,
      "p99": 0.0
    },
    "ind_ctma_fin_ult1": {
      "mean": 0.024654285714285715,
      "std": 0.15506940579801254,
      "p01": 0.0,
      "p99": 1.0
    },
    "ind_ctop_fin_ult1": {
      "mean": 0.14550285714285716,
      "std": 0.3526076161128433,
      "p01": 0.0,
      "p99": 1.0
    },
    "ind_ctpp_fin_ult1": {
      "mean": 0.08750857142857142,
      "std": 0.2825792800276725,
      "p01": 0.0,
      "p99": 1.0
    },
    "ind_deco_fin_ult1": {
      "mean": 0.010697142857142856,
      "std": 0.10287246584119977,
      "p01": 0.0,
      "p99": 1.0
    },
    "ind_deme_fin_ult1": {
      "mean": 0.0032,
      "std": 0.05647804098608626,
      "p01": 0.0,
      "p99": 0.0
    },
    "ind_dela_fin_ult1": {
      "mean": 0.08775714285714285,
      "std": 0.2829417881230712,
      "p01": 0.0,
      "p99": 1.0
    },
    "ind_ecue_fin_ult1": {
      "mean": 0.1913342857142857,
      "std": 0.3933521563415457,
      "p01": 0.0,
      "p99": 1.0
    },
    "ind_fond_fin_ult1": {
      "mean": 0.03821714285714286,
      "std": 0.19172036372831222,
      "p01": 0.0,
      "p99": 1.0
    },
    "ind_hip_fin_ult1": {
      "mean": 0.01368,
      "std": 0.11615892626540525,
      "p01": 0.0,
      "p99": 1.0
    },
    "ind_plan_fin_ult1": {
      "mean": 0.02041142857142857,
      "std": 0.14140317989094667,
      "p01": 0.0,
      "p99": 1.0
    },
    "ind_pres_fin_ult1": {
      "mean": 0.0021142857142857144,
      "std": 0.045932793712832445,
      "p01": 0.0,
      "p99": 0.0
    },
    "ind_reca_fin_ult1": {
      "mean": 0.13243714285714286,
      "std": 0.33896588962404545,
      "p01": 0.0,
      "p99": 1.0
    },
    "ind_tjcr_fin_ult1": {
      "mean": 0.10402571428571429,
      "std": 0.30529433560419683,
      "p01": 0.0,
      "p99": 1.0
    },
    "ind_valo_fin_ult1": {
      "mean": 0.05485428571428572,
      "std": 0.22769594019853134,
      "p01": 0.0,
      "p99": 1.0
    },
    "ind_viv_fin_ult1": {
      "mean": 0.006482857142857143,
      "std": 0.08025489460802757,
      "p01": 0.0,
      "p99": 0.0
    },
    "ind_nomina_ult1": {
      "mean": 0.13794571428571428,
      "std": 0.34484349197697284,
      "p01": 0.0,
      "p99": 1.0
    },
    "ind_nom_pens_ult1": {
      "mean": 0.15014285714285713,
      "std": 0.3572119037269735,
      "p01": 0.0,
      "p99": 1.0
    },
    "ind_recibo_ult1": {
      "mean": 0.2834257142857143,
      "std": 0.45066191212713663,
      "p01": 0.0,
      "p99": 1.0
    }
  },
  "categorical": {
    "ind_empleado": {
      "N": 0.9971142857142857,
      "UNKNOWN": 0.0014571428571428572,
      "A": 0.0005885714285714285,
      "B": 0.0004542857142857143,
      "F": 0.00037428571428571426,
      "S": 1.1428571428571429e-05
    },
    "pais_residencia": {
      "ES": 0.9951085714285715,
      "UNKNOWN": 0.0014571428571428572,
      "GB": 0.00034571428571428573,
      "DE": 0.00033714285714285714,
      "FR": 0.00026571428571428574,
      "CH": 0.00026,
      "AR": 0.00020857142857142857,
      "US": 0.00019428571428571428,
      "VE": 0.00014857142857142857,
      "BE": 0.00012285714285714287
    },
    "sexo": {
      "V": 0.5937085714285715,
      "H": 0.4048285714285714,
      "UNKNOWN": 0.001462857142857143
    },
    "indrel_1mes": {
      "1.0": 0.66684,
      "1": 0.28855714285714285,
      "UNKNOWN": 0.04144285714285714,
      "3.0": 0.0014342857142857143,
      "3": 0.0005514285714285714,
      "P": 0.0004971428571428571,
      "2.0": 0.00033428571428571426,
      "2": 0.00018857142857142857,
      "4.0": 0.00011428571428571428,
      "4": 4e-05
    },
    "tiprel_1mes": {
      "A": 0.8014771428571429,
      "I": 0.15444285714285713,
      "UNKNOWN": 0.04144285714285714,
      "P": 0.00214,
      "R": 0.0004971428571428571
    },
    "indresi": {
      "S": 0.9951085714285715,
      "N": 0.0034342857142857144,
      "UNKNOWN": 0.0014571428571428572
    },
    "indext": {
      "N": 0.9510685714285714,
      "S": 0.04747428571428571,
      "UNKNOWN": 0.0014571428571428572
    },
    "conyuemp": {
      "UNKNOWN": 0.9996828571428571,
      "N": 0.00031428571428571427,
      "S": 2.8571428571428573e-06
    },
    "canal_entrada": {
      "KAT": 0.30376285714285717,
      "KFC": 0.27657714285714285,
      "KHE": 0.14610571428571428,
      "UNKNOWN": 0.04564,
      "KFA": 0.039708571428571426,
      "KHK": 0.038951428571428574,
      "KHM": 0.016317142857142856,
      "KHN": 0.015202857142857143,
      "RED": 0.01264857142857143,
      "KHL": 0.009445714285714286
    },
    "indfall": {
      "N": 0.9974114285714286,
      "UNKNOWN": 0.0014571428571428572,
      "S": 0.0011314285714285714
    },
    "nomprov": {
      "MADRID": 0.40510285714285715,
      "BARCELONA": 0.07863428571428571,
      "VALENCIA": 0.04534571428571429,
      "SEVILLA": 0.04456857142857143,
      "MALAGA": 0.025414285714285716,
      "ALICANTE": 0.024105714285714286,
      "CORUÑA, A": 0.02286857142857143,
      "MURCIA": 0.020922857142857142,
      "ZARAGOZA": 0.018974285714285714,
      "CADIZ": 0.018845714285714285
    },
    "segmento": {
      "02 - PARTICULARES": 0.6422771428571429,
      "03 - UNIVERSITARIO": 0.21147428571428573,