{
  "numeric": {
    "month_number": {
      "mean": 6.738997430435947,
      "std": 2.8871656485894683,
      "p01": 2.0,
      "p99": 11.0
    },
    "customer_since_months": {
      "mean": 84.69722046485302,
      "std": 71.11760030506446,
      "p01": 0.0,
      "p99": 235.53333333333333
    },
    "prev_products_total": {
      "mean": 2.2272265891934446,
      "std": 1.988996393462475,
      "p01": 0.0,
      "p99": 8.0
    },
    "products_total": {
      "mean": 2.082068199347019,
      "std": 1.8185213732015433,
      "p01": 0.0,
      "p99": 8.0
    },
    "products_added_prev_month": {
      "mean": 0.1287379564173164,
      "std": 0.43018572779989295,
      "p01": 0.0,
      "p99": 2.0
    },
    "products_dropped_prev_month": {
      "mean": 0.273896346263742,
      "std": 0.5768248552493385,
      "p01": 0.0,
      "p99": 2.0
    },
    "has_any_new_product": {
      "mean": 0.09904610429313011,
      "std": 0.29872420695477064,
      "p01": 0.0,
      "p99": 1.0
    },
    "age": {
      "mean": 41.59758871155032,
      "std": 15.599515341075396,
      "p01": 20.0,
      "p99": 86.0
    },
    "ind_nuevo": {
      "mean": 0.0902531412417615,
      "std": 0.2865443702513691,
      "p01": 0.0,
      "p99": 1.0
    },
    "antiguedad": {
      "mean": 82.28654571517806,
      "std": 69.70034505714843,
      "p01": 0.0,
      "p99": 232.0
    },
    "indrel": {
      "mean": 1.115759463766607,
      "std": 3.3661624858564365,
      "p01": 1.0,
      "p99": 1.0
    },
    "tipodom": {
      "mean": 1.0,
      "std": 0.0,
      "p01": 1.0,
      "p99": 1.0
    },
    "cod_prov": {
      "mean": 26.843575317932668,
      "std": 12.274852082706477,
      "p01": 3.0,
      "p99": 50.0
    },
    "ind_actividad_cliente": {
      "mean": 0.7065992103851174,
      "std": 0.4553209651783601,
      "p01": 0.0,
      "p99": 1.0
    },
    "renta": {
      "mean": 138053.1575334149,
      "std": 258017.04603176875,
      "p01": 27618.39,
      "p99": 555605.55
    },
    "ind_ahor_fin_ult1": {
      "mean": 0.0001438636172908083,
      "std": 0.011993465219208993,
      "p01": 0.0,
      "p99": 0.0
    },
    "ind_aval_fin_ult1": {
      "mean": 4.595643330123043e-05,
      "std": 0.006778968441381615,
      "p01": 0.0,
      "p99": 0.0
    },
    "ind_cco_fin_ult1": {
      "mean": 0.597539532523168,
      "std": 0.49039424967333317,
      "p01": 0.0,
      "p99": 1.0
    },
    "ind_cder_fin_ult1": {
      "mean": 0.0007273105096368643,
      "std": 0.02695891283506668,
      "p01": 0.0,
      "p99": 0.0
    },
    "ind_cno_fin_ult1": {
      "mean": 0.21162138292898333,
      "std": 0.4084582066459132,
      "p01": 0.0,
      "p99": 1.0
    },
    "ind_ctju_fin_ult1": {
      "mean": 0.00573256552787957,
      "std": 0.07549645428085301,
      "p01": 0.0,
      "p99": 0.0
    },
    "ind_ctma_fin_ult1": {
      "mean": 0.02009295188161623,
      "std": 0.14031843965613647,
      "p01": 0.0,
      "p99": 1.0
    },
    "ind_ctop_fin_ult1": {
      "mean": 0.14485467776547833,
      "std": 0.35195461014794793,
      "p01": 0.0,
      "p99": 1.0
    },
    "ind_ctpp_fin_ult1": {
      "mean": 0.07476911887530621,
      "std": 0.26301869888764484,
      "p01": 0.0,
      "p99": 1.0
    },
    "ind_deco_fin_ult1": {
      "mean": 0.008194231868188956,
      "std": 0.09015044465275958,
      "p01": 0.0,
      "p99": 0.0
    },
    "ind_deme_fin_ult1": {
      "mean": 0.0027593841038695316,
      "std": 0.05245736746707007,
      "p01": 0.0,
      "p99": 0.0
    },
    "ind_dela_fin_ult1": {
      "mean": 0.07505884421568353,
      "std": 0.26348653255809784,
      "p01": 0.0,
      "p99": 1.0
    },
    "ind_ecue_fin_ult1": {
      "mean": 0.15847976118639528,
      "std": 0.36519062550463327,
      "p01": 0.0,
      "p99": 1.0
    },
    "ind_fond_fin_ult1": {
      "mean": 0.03255313962363679,
      "std": 0.1774640686212761,
      "p01": 0.0,
      "p99": 1.0
    },
    "ind_hip_fin_ult1": {
      "mean": 0.011335254179038272,
      "std": 0.1058621206290715,
      "p01": 0.0,
      "p99": 1.0
    },
    "ind_plan_fin_ult1": {
      "mean": 0.01707381402430496,
      "std": 0.1295466419165086,
      "p01": 0.0,
      "p99": 1.0
    },
    "ind_pres_fin_ult1": {
      "mean": 0.002391732637459688,
      "std": 0.04884687318513884,
      "p01": 0.0,
      "p99": 0.0
    },
    "ind_reca_fin_ult1": {
      "mean": 0.10850114091840934,
      "std": 0.3110125987998909,
      "p01": 0.0,
      "p99": 1.0
    },
    "ind_tjcr_fin_ult1": {
      "mean": 0.08659590708008807,
      "std": 0.2812422692300476,
      "p01": 0.0,
      "p99": 1.0
    },
    "ind_valo_fin_ult1": {
      "mean": 0.04588849770417644,
      "std": 0.209243472933706,
      "p01": 0.0,
      "p99": 1.0
    },
    "ind_viv_fin_ult1": {
      "mean": 0.005838465135051971,
      "std": 0.07618654118479308,
      "p01": 0.0,
      "p99": 0.0
    },
    "ind_nomina_ult1": {
      "mean": 0.11283703049509065,
      "std": 0.3163937974496203,
      "p01": 0.0,
      "p99": 1.0
    },
    "ind_nom_pens_ult1": {
      "mean": 0.12267170722155396,
      "std": 0.32806032145352676,
      "p01": 0.0,
      "p99": 1.0
    },
    "ind_recibo_ult1": {
      "mean": 0.23636192889141094,
      "std": 0.424847417446433,
      "p01": 0.0,
      "p99": 1.0
    }
  },
  "categorical": {
    "ind_empleado": {
      "N": 0.996823011784828,
      "UNKNOWN": 0.0019781247377486143,
      "A": 0.00046356054460371565,
      "B": 0.0004056154765282512,
      "F": 0.000321695033108613,
      "S": 7.992423182822685e-06
    },
    "pais_residencia": {
      "ES": 0.9940756163157327,
      "UNKNOWN": 0.0019781247377486143,
      "GB": 0.00034367419686137543,
      "DE": 0.00032569124470002437,
      "FR": 0.0003176988215172017,
      "AR": 0.00026574807082885423,
      "CH": 0.00021979163752762382,
      "US": 0.00021779353173191813,
      "VE": 0.00016784088683927638,
      "CO": 0.00014985793467792532
    },
    "sexo": {
      "V": 0.5784676127031574,
      "H": 0.41954627013591117,
      "UNKNOWN": 0.001986117160931437
    },
    "indrel_1mes": {
      "1.0": 0.6806747203650939,
      "1": 0.2840906820334323,
      "UNKNOWN": 0.03293277972482087,
      "3.0": 0.001045009331154066,
      "3": 0.00039762305334542855,
      "P": 0.0003596590432270208,
      "2.0": 0.0002497632244632089,
      "2": 0.00013986740569939696,
      "4.0": 8.192233762393251e-05,
      "4": 2.7973481139879394e-05
    },
    "tiprel_1mes": {
      "A": 0.6994149546230174,
      "I": 0.26574007840567143,
      "UNKNOWN": 0.03293277972482087,
      "P": 0.0015525282032633064,
      "R": 0.0003596590432270208
    },
    "indresi": {
      "S": 0.9940756163157327,
      "N": 0.0039462589465187005,
      "UNKNOWN": 0.0019781247377486143
    },
    "indext": {
      "N": 0.9510763795921466,
      "S": 0.04694549567010474,
      "UNKNOWN": 0.0019781247377486143
    },
    "conyuemp": {
      "UNKNOWN": 0.9997582291987196,
      "N": 0.00023977269548468053,
      "S": 1.998105795705671e-06
    },
    "canal_entrada": {
      "KAT": 0.2870079164951626,
      "KFC": 0.2629846905133933,
      "KHE": 0.19823807030934673,
      "KFA": 0.03704488145238314,
      "UNKNOWN": 0.03656933227300519,
      "KHK": 0.03225741996587235,
      "KHM": 0.012915755863441458,
      "KHN": 0.011812801464211927,
      "KHQ": 0.011033540203886716,
      "RED": 0.010430112253583602
    },
    "indfall": {
      "N": 0.9964253887314826,
      "UNKNOWN": 0.0019781247377486143,
      "S": 0.001596486530768831
    },
    "nomprov": {
      "MADRID": 0.3798978568317235,
      "BARCELONA": 0.08296534884929087,
      "VALENCIA": 0.046439974903791204,
      "SEVILLA": 0.044723602025280036,
      "MALAGA": 0.026065290104980477,
      "CORUÑA, A": 0.02542389814455896,
      "ALICANTE": 0.023583642706714036,
      "MURCIA": 0.02324396472144407,
      "ZARAGOZA": 0.02106003508673777,
      "CADIZ": 0.019681342087700858
    },